[{"offTimes": [null, null, null], "enabled": true, "days": ["Mon", "Tue", "Wed", "Thu", "Fri", "Sat", "Sun"], "onTimes": [null, null, null]}, {"enabled": true, "onTime": "03:31", "days": ["Mon", "Tue", "Wed", "Thu", "Fri", "Sat", "Sun"], "offTime": "04:00"}, {"enabled": true, "onTime": "16:18", "days": ["Mon"], "offTime": "16:20"}, {"enabled": true, "onTime": "04:31", "days": ["Mon", "Tue", "Wed", "Thu", "Fri", "Sat", "Sun"], "offTime": "05:00"}, {"enabled": false, "onTime": "11:36", "days": ["Thu"], "offTime": "11:37"}, {"enabled": true, "onTime": "05:01", "days": ["Mon", "Tue", "Wed", "Thu", "Fri", "Sat", "Sun"], "offTime": "05:20"}, {"enabled": true, "onTime": "05:21", "days": ["Mon", "Tue", "Wed", "Thu", "Fri", "Sat", "Sun"], "offTime": "05:40"}, {"enabled": true, "onTime": "05:41", "days": ["Mon", "Tue", "Wed", "Thu", "Fri", "Sat", "Sun"], "offTime": "06:00"}, {"enabled": false, "onTime": "11:44", "days": ["Thu"], "offTime": "11:45"}, {"enabled": false, "onTime": "06:00", "days": ["Mon", "Tue", "Wed", "Thu", "Fri", "Sat", "Sun"], "offTime": "06:20"}]